nv;svm;dt;rf;cm
2.129453420639038;668.1399435997009;17.892433881759644;95.82509469985962;678.2935466766357
