acuracia;precisao;recall;f1 score;erro
0.43084260731319557;0.4941226286598022;0.43084260731319557;0.46031801712049186;0.712241653418124
