nv;svm;dt;rf;cm
2.129453420639038;668.1399435997009;17.892433881759644;95.82509469985962;678.2935466766357
0.17710328102111816;4.611357688903809;4.089220285415649;0.6214354038238525;11.050427913665771
0.15547680854797363;4.634603261947632;4.049756765365601;0.62129807472229;11.035139799118042
2.1259920597076416;476.43209195137024;13.375826835632324;95.98832845687866;94.37290978431702;684.9063265323639
2.112701654434204;476.68477296829224;13.30147409439087;91.92871022224426;93.62442922592163;677.0840892791748
2.24800968170166;474.4608952999115;13.31220555305481;93.75296926498413;93.79256176948547;676.3461329936981
6.288732290267944;488.44177317619324;18.923213243484497;102.22999715805054;98.62229585647583;691.3689329624176
2.131669282913208;503.3821635246277;14.563145875930786;101.59060335159302;103.31263875961304;766.8342020511627
