nv;svm;dt;rf;rl;cm
0.20852351188659668;5.624488115310669;3.277298927307129;1.7798635959625244;0.7254738807678223;11.183521270751953
