nv;svm;dt;rf;cm
2.129453420639038;668.1399435997009;17.892433881759644;95.82509469985962;678.2935466766357
0.17710328102111816;4.611357688903809;4.089220285415649;0.6214354038238525;11.050427913665771
0.15547680854797363;4.634603261947632;4.049756765365601;0.62129807472229;11.035139799118042
