acuracia;precisao;recall;f1;erro
0.589825119236884;0.6544441671563663;0.589825119236884;0.6204567020147271;0.6319554848966613
