"","nv","svm","dt","rf","rl","cm"
"1",1.13759068607315e-55,3.65806547695388e-53,7.41432978563282e-52,3.85190992705909e-53,4.36367223124074e-55,2.53212874701965e-54
