ac;prec;rec;f1;err
0.8107569721115537;0.8145630976494458;0.8107569721115537;0.8126470625497041;0.2729083665338645
0.8412698412698413;0.8467619820722943;0.8412698412698413;0.8440069692901873;0.21272054638588503
0.8007968127490039;0.8274360306752058;0.8007968127490039;0.8158242839855593;0.2837301587301587
0.85685828116107;0.8623494560335432;0.85685828116107;0.8599449477580223;0.20677607032188705
0.8429456776070322;0.845035077495695;0.8429456776070322;0.8429770605350896;0.20634920634920634
