acuracia,precisao,recall,f1 score,erro
0.42408585055643877,0.5583687111363351,0.42408585055643877,0.4820503237897416,0.9860890302066773
